Title,Company,Experience,Location,Tags,Ratings,Reviews,Salary,Job_Type,Posted
"Senior Software Engineer, Machine Learning",Uber,2-5 Yrs,Bangalore/Bengaluru,"deep learning
Software design
Publishing
Machine learning
SCALA
Architectural design
Data mining
Software implementation",3.9,(376 Reviews),Not disclosed,PREMIUM,30+ DAYS AGO
Data Scientist - Machine Learning,AugmatrixGo,2-5 Yrs,Bangalore/Bengaluru,"Hive
R
Cloud Computing
Data Scientist
Computer Vision
Machine Learning
Deep Learning
SQL",,,Not disclosed,PREMIUM,22 DAYS AGO
Co-Founder - Principal Data Scientist/Senior Data Scientist,Benovymed Healthcare Private Limited,2-7 Yrs,"Gurgaon/Gurugram, Delhi / NCR","Data Science
NLP
Data Scientist
Artificial Intelligence
Cofounder
Data Management
Data Analytics
Machine Learning",,,Not disclosed,PREMIUM,30+ DAYS AGO
Applied Scientist,Flipkart,0-2 Yrs,Bangalore/Bengaluru,"Product quality
deep learning
Operations research
Analytical
Business analytics
Machine learning
Product planning
Programming",4.2,(3476 Reviews),Not disclosed,HOT JOB,25 DAYS AGO
Machine Learning Application Developer,Accenture Solutions Pvt Ltd,2-4 Yrs,Bangalore/Bengaluru,"IT Skills
Python
Machine Learning
Cloud
DevOps
Unix
Computer science
Business process",4.0,(18767 Reviews),Not disclosed,PREFERRED,13 DAYS AGO
Freshers ( Data Science | Artificial Intelligence ),Surensinffotek,0-5 Yrs,Hyderabad/Secunderabad,"Open CV
NLP
Machine Learning
Deep Learning
Chatbots
Artificial Intelligence
Keras
Python",,,"50,000 - 3,00,000 PA.",,29 DAYS AGO
Research Associate II - Data Science,Philips India Limited,2-4 Yrs,Bangalore/Bengaluru,"Computer science
Computer vision
Front end
Publishing
Image processing
Machine learning
Healthcare
Oncology",4.0,(510 Reviews),Not disclosed,,11 DAYS AGO
Analytics Engineer - Machine Learning,Yogy HR Solutions,2-6 Yrs,Mumbai,"algorithms
Machine Learning
Data Science
Big Data
Statistical Modeling
Analytics
Python
Predictive Analytics",,,Not disclosed,PREMIUM,25 DAYS AGO
Speech Scientist - Artificial Intelligence/ Machine Learning,Career Maker,2-6 Yrs,Noida,"IT Skills
Java
Python
Data Science
Machine Learning
Artificial Intelligence
C++
Image Processing",,,Not disclosed,HOT JOB,15 DAYS AGO
Lead Data Scientist - Deep Learning/Machine Learning,Okda Solutions,2-7 Yrs,Bangalore/Bengaluru,"SAS
communication
Cluster analysis
PyTorch
Linear Regression
Caffe
analytical
Theano",,,Not disclosed,PREMIUM,22 DAYS AGO
Data Science Senior Analyst,Accenture Solutions Pvt Ltd,2-5 Yrs,India,"IT Skills
Java
Python
Data Science
Machine Learning
Cloud
Big Data
Business process",4.0,(18767 Reviews),Not disclosed,PREFERRED,11 DAYS AGO
Machine Learning Technical Architect,Accenture Solutions Pvt Ltd,15-18 Yrs,Pune,"IT Skills
Python
Data Science
Machine Learning
Cloud
AWS
Azure
Computer science",4.0,(18767 Reviews),Not disclosed,PREFERRED,12 DAYS AGO
Machine learning and Python Trainer,Robust Results Pvt Ltd,2-4 Yrs,Kanpur,"Python
communication
Machine Learning
Artificial Intelligence
IT Skills
Natural Language Processing
Neural Networks",,,"3,00,000 - 6,00,000 PA.",,28 DAYS AGO
Data Scientist - Machine Learning,Catalyst,2-7 Yrs,Bangalore/Bengaluru,"Data Science
Data Quality
Data Scientist
Statistical Modeling
Statistical Analyst
Machine Learning",,,Not disclosed,PREMIUM,11 DAYS AGO
Software Engineer - Machine Learning Artificial intelligence Engineer,TechnoMile,2-7 Yrs,Nagpur,"Python
data modeling
Keras
Java
statistical analysis
scikit
learning
software architecture",4.5,(5 Reviews),Not disclosed,PREMIUM,30+ DAYS AGO
Research Engineer I - Data Science,Philips India Limited,2-5 Yrs,Bangalore/Bengaluru,"Computer science
Front end
Image processing
Machine learning
Data collection
Healthcare
Oncology
Research",4.0,(510 Reviews),Not disclosed,PREMIUM,11 DAYS AGO
Analytics Engineer - Machine Learning,Yogy HR Solutions,2-6 Yrs,Mumbai,"Learning
algorithms
IT Skills
Machine Learning
Data Science
Statistical Modeling
Analytics
Python",,,Not disclosed,PREMIUM,22 DAYS AGO
machine learning,Flair Placements,2-5 Yrs,"Thane, Navi Mumbai","python
deep learning
visioh
opencv
tensorflow
keras
machine learning
detection",,,Not disclosed,,10 DAYS AGO
Data Scientist,BHANIX FINANCE AND INVESTMENT LIMITED,2-5 Yrs,"Hyderabad/Secunderabad, Mumbai (All Areas)","Machine Learning
Python
SQL
Data Science
Object Detection
NLP
Artificial Intelligence
Image Processing",2.8,(11 Reviews),Not disclosed,HOT JOB,5 DAYS AGO
Associate Data Scientist,Innoplexus,2-7 Yrs,Pune,"Computer science
Text mining
Computer vision
Image processing
Artificial Intelligence
Machine learning
Life sciences
Bioinformatics",4.3,(26 Reviews),Not disclosed,,30+ DAYS AGO
Technical Program Manager- AI and Machine Learning,INFOCUSP INNOVATIONS PRIVATE LIMITED,7-10 Yrs,"Pune, Ahmedabad(Bopal)
(WFH during Covid)","Artificial Intelligence
Machine Learning
Spark
Google Compute Engine
Keras
TensorFlow
Hadoop
Sklean",,,"20,00,000 - 30,00,000 PA.",PREMIUM,11 DAYS AGO
Hiring - Machine / Deep Learning Engineer,Calpion Software Technologies Pvt. Ltd,3-8 Yrs,"Mumbai, Hyderabad/Secunderabad, Pune, Chennai, Bangalore/Bengaluru, Delhi / NCR","Tensorflow
R
Deep Learning
Python",3.0,(23 Reviews),Not disclosed,,30+ DAYS AGO
Machine Learning Engineer,Quantiphi Analytics Solutions Pvt. Ltd.,2-5 Yrs,"Mumbai, Bangalore/Bengaluru, Trivandrum/Thiruvananthapuram","Analytical skills
Cluster analysis
Logistic regression
Lead generation
Statistical modeling
Factor analysis
data science
Machine learning",3.7,(69 Reviews),Not disclosed,,30+ DAYS AGO
"Machine Learning Engineer,Pan India",ViitorCloud Technologies Pvt Ltd,1-3 Yrs,Remote,"IT Skills
Python
Data Science
Machine Learning",,,Not disclosed,,30+ DAYS AGO
Data Science Machine Learning Engineering manager,CareerXperts Consulting,8-13 Yrs,Not specified,"assembly language
website
C
HTML
ajax
javascript
jquery
SQL",,,Not disclosed,PREMIUM,30+ DAYS AGO
Machine learning and AI Engineer,Megdap Innovation Labs Private Limited,2-5 Yrs,Pune,"IT Skills
Java
Python
Data Science
Machine Learning
Azure
Computer science
C++",,,Not disclosed,,30+ DAYS AGO
Machine Learning-data scientist,Diverse Lynx,2-6 Yrs,Bangalore/Bengaluru,Machine learning,2.8,(47 Reviews),Not disclosed,,30+ DAYS AGO
Sr Engineer - Machine Learning Platform,Target Corporation India Pvt Ltd,4-9 Yrs,Bangalore/Bengaluru,"Environment management
Computer vision
Version control
Design review
Machine learning
Data quality
Unit testing
software quality",4.3,(246 Reviews),Not disclosed,PREMIUM,30+ DAYS AGO
Machine Learning Trainer,Innovadors Lab Pvt Ltd,4-9 Yrs,Bhubaneswar,"Computer vision
deep learning
Corporate training
Image processing
Opencv
Machine learning
Corporate
Natural language processing",3.7,(3 Reviews),Not disclosed,,30+ DAYS AGO
Concentrix Innovation Labs is Hiring For AI Engineer- Machine Learning,Concentrix Innovation Labs,4-8 Yrs,"Bangalore/Bengaluru, Delhi / NCR","IT Skills
Java
Python
Machine Learning
Artificial Intelligence
Image Processing
Reinforcement Learning
Data Analysis",4.1,(9760 Reviews),Not disclosed,HOT JOB,6 DAYS AGO
Data Science Developer - Machine Learning,Silverlink Technilogies,5-10 Yrs,"Hyderabad/Secunderabad, Pune","IT Skills
Python
Data Science
Machine Learning
Data Management
ITSM
Time series
Algorithm",,,Not disclosed,PREMIUM,11 DAYS AGO
Machine Learning Engineer,ATAI LABS,2-7 Yrs,Hyderabad,"IT Skills
Java
Python
Machine Learning
DevOps
Computer vision
C++
github",,,Not disclosed,,30+ DAYS AGO
Lead Engineer - Machine Learning Platform,Target Corporation India Pvt Ltd,8-13 Yrs,Bengaluru,"Environment management
Computer vision
Version control
Design review
Machine learning
Data quality
Unit testing
software quality",4.3,(246 Reviews),Not disclosed,,30+ DAYS AGO
Data Scientist - Machine Learning,RPA Infotech Pvt.Ltd,2-7 Yrs,Gurgaon,"Computer science
Operations research
data science
Bfsi
Network analysis
Machine learning
Social networking
Natural language processing",,,Not disclosed,,30+ DAYS AGO
"Machine Learning Engineer, Image Processing",Hubino Technologies Pvt Ltd,2-5 Yrs,Chennai,"x86
Python
ARM
ETL
CUDA
Computer science
Business process
Computer vision",,,Not disclosed,,30+ DAYS AGO
Product Manager- Artificial Intelligence/Machine Learning-(AI-ML),Pioneer Manpower Solutions,2-7 Yrs,Bangalore/Bengaluru,"Machine Learning
Product development
Product Manager
Data Scientist
Product Launch
scikit-learn
AI
Roadmap",,,Not disclosed,HOT JOB,12 DAYS AGO
Machine Learning Application Developer,Accenture Solutions Pvt Ltd,4-6 Yrs,Hyderabad/Secunderabad,"Business process
Interpersonal skills
orchestration
GCP
Consulting
Machine learning
Cloud
Programming",4.0,(18767 Reviews),Not disclosed,PREFERRED,12 DAYS AGO
Machine Learning Application Lead,Accenture Solutions Pvt Ltd,6-8 Yrs,Bangalore/Bengaluru,"IT Skills
Python
Machine Learning
Azure
Time management
Consulting
Manager Technology
Application Lead",4.0,(18767 Reviews),Not disclosed,PREFERRED,12 DAYS AGO
Machine Learning Application Developer,Accenture Solutions Pvt Ltd,4-6 Yrs,Chennai,"communication
Machine Learning
Pig
Hadoop
Hive
IT Skills
Testing
Computer science",4.0,(18767 Reviews),Not disclosed,PREFERRED,12 DAYS AGO
Machine Learning Technical Architect,Accenture Solutions Pvt Ltd,15-18 Yrs,Pune,"IT Skills
Python
Data Science
Machine Learning
Cloud
AWS
Azure
Computer science",4.0,(18767 Reviews),Not disclosed,PREFERRED,12 DAYS AGO
Machine Learning Scientist,Phenompeople Private Limited,1-6 Yrs,"Hyderabad/Secunderabad, Telangana","Kafka
Java
Spark
Learning
NLP algorithms
data analytics
Hadoop
Machine Learning",,,Not disclosed,HOT JOB,27 DAYS AGO
Machine Learning Test Lead,Accenture Solutions Pvt Ltd,8-10 Yrs,Bangalore/Bengaluru,"IT Skills
Python
Testing
Machine Learning
Azure
Computer vision
Team management
PDF",4.0,(18767 Reviews),Not disclosed,PREFERRED,27 DAYS AGO
Senior Software Developer - NLP/ Machine Learning/ Data Science,Cunesoft,5-8 Yrs,Bangalore/Bengaluru,"IT Skills
Java
Python
Testing
Machine Learning
Cloud
Project Management
Data Science",,,Not disclosed,HOT JOB,11 DAYS AGO
Machine Learning Application Developer,Accenture Solutions Pvt Ltd,6-8 Yrs,Hyderabad/Secunderabad,"PyTorch
Machine Learning
R
SQL DB
C
Kaldi
verbal
CoreNLP",4.0,(18767 Reviews),Not disclosed,PREFERRED,15 DAYS AGO
Machine Learning Application Developer,Accenture Solutions Pvt Ltd,4-6 Yrs,Bangalore/Bengaluru,"IT Skills
Python
Testing
Machine Learning
Cloud
Business process
ASR
Coding",4.0,(18767 Reviews),Not disclosed,PREFERRED,27 DAYS AGO
"Staff Data Scientist - Machine Learning, BigData",Juniper Networks India Pvt Ltd,7-12 Yrs,Bangalore/Bengaluru,"Product management
Computer science
remediation
Data analysis
Networking
data science
Coding
Machine learning",4.2,(113 Reviews),Not disclosed,PREMIUM,30+ DAYS AGO
Software Developer - NLP/ Machine Learning/ Data Science,Cunesoft,3-5 Yrs,Bangalore/Bengaluru,"IT Skills
Java
Python
Testing
Machine Learning
Cloud
Project Management
C#",,,Not disclosed,PREMIUM,11 DAYS AGO
Data Science Developer - Machine Learning,Silverlink Technilogies,5-10 Yrs,"Hyderabad/Secunderabad, Pune","IT Skills
Python
Data Science
Machine Learning
Data Management
ITSM
Time series
Algorithm",,,Not disclosed,PREMIUM,11 DAYS AGO
Software Developer - NLP /machine Learning/ Data Science,Cunesoft,3-5 Yrs,Bangalore/Bengaluru,"IT Skills
Java
Python
Testing
Machine Learning
Cloud
Project Management
C#",,,Not disclosed,PREMIUM,11 DAYS AGO
Machine Learning Application Developer,Accenture Solutions Pvt Ltd,6-8 Yrs,Hyderabad/Secunderabad,"communication
Java
Machine Learning
analytical
data modelling
Python
IT Skills
Computer science",4.0,(18767 Reviews),Not disclosed,PREFERRED,21 DAYS AGO
Machine Learning Application Developer,Accenture Solutions Pvt Ltd,6-8 Yrs,Pune,"IT Skills
Machine Learning
Big Data
Business process
Automation
github
Data modeling
Consulting",4.0,(18767 Reviews),Not disclosed,PREFERRED,19 DAYS AGO
Machine Learning Application Developer,Accenture Solutions Pvt Ltd,4-6 Yrs,Hyderabad/Secunderabad,"IT Skills
Python
Machine Learning
Business process
Data analysis
Analytical
Consulting
Perl",4.0,(18767 Reviews),Not disclosed,PREFERRED,26 DAYS AGO
Team Lead Machine Learning,OpsRamp,10-12 Yrs,Hyderabad/Secunderabad,"IT Skills
Java
J2EE
Python
Machine Learning
Product Management
Big Data
Computer science",4.5,(9 Reviews),Not disclosed,,27 DAYS AGO
"Excellent Opportunity For Data Scientist, Hyderabad",Genpact,4-8 Yrs,"Hyderabad/Secunderabad, Uppal","IT Skills
Python
Data Science
Machine Learning
Big Data
Power BI
Big Data Analytics
Artificial Intelligence",4.0,(10921 Reviews),Not disclosed,HOT JOB,28 DAYS AGO
Artificial Intelligence Engineer - Machine Learning/python/r,Career Infosystem,1-3 Yrs,Trivandrum/Thiruvananthapuram,"Python
statistical modeling
CNN
network architecture
deep learning
LSTM
machine learning
MATLAB",,,Not disclosed,HOT JOB,22 DAYS AGO
"Data Scientist - Machine Learning, BigData",Juniper Networks India Pvt Ltd,5-10 Yrs,Bangalore/Bengaluru,"Computer science
C++
Networking
Coding
Project management
Machine learning
Data structures
Analytics",4.2,(113 Reviews),Not disclosed,PREMIUM,30+ DAYS AGO
Machine Learning Application Developer,Accenture Solutions Pvt Ltd,8-10 Yrs,Mumbai,"Business process
Architecture
Analytical
Consulting
Machine learning
SCALA
Agile
Oracle",4.0,(18767 Reviews),Not disclosed,PREFERRED,11 DAYS AGO
Machine Learning Application Developer,Accenture Solutions Pvt Ltd,6-8 Yrs,Hyderabad/Secunderabad,"IT Skills
Java
Python
Data Science
Machine Learning
Oracle
Business process
Architecture",4.0,(18767 Reviews),Not disclosed,PREFERRED,19 DAYS AGO
Machine Learning Application Developer,Accenture Solutions Pvt Ltd,8-10 Yrs,Bangalore/Bengaluru,"Business process
Architecture
Analytical
Consulting
Machine learning
SCALA
Agile
Oracle",4.0,(18767 Reviews),Not disclosed,PREFERRED,11 DAYS AGO
Data Scientist - Time Series / NLP/ Artificial Intelligence,Societe Generale,3-8 Yrs,Bangalore/Bengaluru,"IT Skills
Python
Data Science
Machine Learning
NLP
Artificial Intelligence
Natural Language Processing
Time Series",3.8,(735 Reviews),Not disclosed,PREMIUM,6 DAYS AGO
Data Scientist - Machine Learning/Statistical Modeling,Yogy HR Solutions,5-9 Yrs,Mumbai,"analytics
machine learning
statistical modelling
IT Skills
Data Science
Regression Algorithms
Data Scientist
Statistical Modeling",,,Not disclosed,PREMIUM,30+ DAYS AGO
Machine Learning Engineer,IDC TECHNOLOGIES SOLUTIONS INDIA PVT LIMITED,3-8 Yrs,"Hyderabad/Secunderabad, Chennai, Bangalore/Bengaluru","IT Skills
Project Management
BPO
project management
Artificial Intelligence
Machine Learning",,,Not disclosed,,30+ DAYS AGO
Hiring For Machine learning engineer For Hyderabad location,Adecco India Private Limited,2-4 Yrs,Hyderabad/Secunderabad,Machine Learning,,,"8,00,000 - 17,00,000 PA.",PREMIUM,30+ DAYS AGO
Looking For ML Engineer (Machine learning Engineer ) For Hyderabad,Adecco India Private Limited,2-4 Yrs,Hyderabad/Secunderabad,"Java
C++
NLP
C
Algorithm Design
Neural Networks
Programming
Machine Learning",,,"8,00,000 - 15,00,000 PA.",PREMIUM,30+ DAYS AGO
Machine Learning Engineer,Headsup Corporation Pvt. Ltd.,2-4 Yrs,Hyderabad/Secunderabad,"Software Engineering
Machine Learning
Deep Learning
Java
C++
NLP
C
Algorithm Design",,,"25,00,000 - 30,00,000 PA.",PREMIUM,30+ DAYS AGO
Data Scientist with Machine Learning Job,Adecco India Private Limited,5-10 Yrs,"Hyderabad/Secunderabad, Pune, Chennai, Bangalore/Bengaluru","Machine Learning
big data
R Analytics
statistical analysis
Hadoop
Python
IT Skills
Data Science",,,"11,00,000 - 20,00,000 PA.",PREMIUM,30+ DAYS AGO
Machine Learning Engineer,Hubino Technologies Pvt Ltd,2-5 Yrs,Chennai,"IT Skills
Machine Learning
Computer vision
algorithms
Image processing
technical
functions
quality operations",,,Not disclosed,,30+ DAYS AGO
Machine Learning Engineer - Hadoop/Kafka,Jobonymous Enterprises,5-7 Yrs,India,"Hive
Scikit
MXNet
Amazon Web Service
Tensorflow
Caffe2
Kafka
MLTracking",,,Not disclosed,HOT JOB,22 DAYS AGO
Machine Learning Engineer,Peopleplus Professional Services Pvt. Ltd.,4-8 Yrs,Bangalore/Bengaluru,"Computer science
Computer vision
Software design
Data modeling
Debugging
Machine learning
Agile
Data processing",,,Not disclosed,,30+ DAYS AGO
Machine Learning Scientist,CAREER MAKERS,5-10 Yrs,Bangalore/Bengaluru,"C++
Data modeling
Machine learning
Perl
Predictive modeling
Presentation skills
Data mining
MATLAB",,,Not disclosed,,30+ DAYS AGO
Sr machine learning engineer,FACTSET SYSTEMS INDIA PVT LTD,3-6 Yrs,Hyderabad,"Unix
Computer science
Linux
Stock exchange
Machine learning
Linguistics
Data structures
Data mining",4.0,(603 Reviews),Not disclosed,,30+ DAYS AGO
"Senior Machine Learning Engineer, Search & Match",Sense Talent Labs,5-10 Yrs,Bengaluru,"deep learning
Automation
Data analysis
Backend
Artificial Intelligence
Machine learning
Data processing
Natural language processing",,,Not disclosed,,30+ DAYS AGO
Machine Learning Expert,BRANE ENTERPRISES PRIVATE LIMITED,3-8 Yrs,Hyderabad,"IT Skills
Python
Data Science
Analytical skills
Computer vision
deep learning
Prototype
PDF",3.0,(6 Reviews),Not disclosed,,30+ DAYS AGO
Machine Learning Engineer,NexStem,2-5 Yrs,"Gurgaon, Gurugram, Haryana","Intern
EEG
Machine learning
Cloud
Manager Technology
Room
AWS
Monitoring",,,Not disclosed,,30+ DAYS AGO
Data Analyst - Machine Learning/Python,Finxera,2-4 Yrs,Chandigarh,"IT Skills
Tableau
Business Intelligence
Data Visualization
Data Analyst
Data Warehousing
Machine Learning
Python",3.8,(12 Reviews),Not disclosed,PREMIUM,14 DAYS AGO
Machine Learning Application Developer,Accenture Solutions Pvt Ltd,6-8 Yrs,Pune,"Python
Analytics
Data Science
Communication
presentation
Predictive Modeling
predictive analytics
Analytical",4.0,(18767 Reviews),Not disclosed,PREFERRED,14 DAYS AGO
Vice President - Machine Learning,ExecBoardinAsia,11-15 Yrs,Bangalore/Bengaluru,"Change management
Networking
Performance management
Machine learning
Agile
Management
Distribution system
Operations",,,Not disclosed,,14 DAYS AGO
Hiring Data Science/Machine Learning Trainer–Full Time-Ghaziabad,Synergistic Compusoft Private Limited,7-10 Yrs,"Noida, Ghaziabad, Delhi / NCR","Data Science
Trainer
Machine Learning
communication
science
Java
Tableau
NET",,,Not disclosed,HOT JOB,14 DAYS AGO
Machine Vision Research Engineer- Machine Learning/Computer Vision- I,HyrEzy Talent Solutions,3-8 Yrs,Noida,"Data structure
Computer Vision
Pattern Recognition
Machine Learning
Algorithms
IT Skills
Testing
Probabilistic modelling",,,Not disclosed,PREMIUM,14 DAYS AGO
Data Science / Machine Learning stream project intern,Vikatan,0-1 Yrs,Chennai,"Computer science
Printing
Power house
Publishing
data science
Machine learning
Manager Technology
digital transformation",4.6,(22 Reviews),Not disclosed,,30+ DAYS AGO
Data Science Product Manager- Artificial Intelligence/Machine Learning,Catalyst,4-9 Yrs,Bangalore/Bengaluru,"Tensorflow
YOLO
Resnet
Kubernetes
Machine Learning
agile
NoSQL
R",,,Not disclosed,PREMIUM,30+ DAYS AGO
Natural Language Processing (NLP) Application Developer,Accenture Solutions Pvt Ltd,8-10 Yrs,Mumbai,"Business process
Computer vision
Application deployment
data science
Networking
Consulting
Machine learning
Cloud",4.0,(18767 Reviews),Not disclosed,PREFERRED,12 DAYS AGO
Natural Language Processing (NLP) Application Developer,Accenture Solutions Pvt Ltd,8-10 Yrs,Bangalore/Bengaluru,"Python
NLP
Natural Language Processing
Machine Learning
IT Skills
Data Science
Cloud
Business process",4.0,(18767 Reviews),Not disclosed,PREFERRED,21 DAYS AGO
Machine Learning Application Designer,Accenture Solutions Pvt Ltd,6-8 Yrs,Chennai,"IT Skills
Python
Data Science
Machine Learning
Computer science
Business process
Team management
Monitoring tools",4.0,(18767 Reviews),Not disclosed,PREFERRED,21 DAYS AGO
Machine Learning Application Designer,Accenture Solutions Pvt Ltd,8-10 Yrs,Chennai,"Python
Communication
Data science
analytical
analysis
Splunk
AIOps
Machine Learning",4.0,(18767 Reviews),Not disclosed,PREMIUM,21 DAYS AGO
Data Science Product Manager- Artificial Intelligence/Machine Learning,Catalyst,4-9 Yrs,Bangalore/Bengaluru,"Tensorflow
YOLO
Resnet
Kubernetes
Machine Learning
agile
NoSQL
R",,,Not disclosed,PREMIUM,11 DAYS AGO
Machine Learning Scientist,Observe.AI,3-7 Yrs,Bangalore/Bengaluru,"Automatic Speech Recognition
Customer Service
Nlp
Algorithms
Shell Scripting
Natural Language Processing
Machine Learning
Deep Learning",,,Not disclosed,PREMIUM,22 DAYS AGO
Data Science,Capgemini Technology Services India Limited,4-6 Yrs,Mumbai,"PySpark
Mesos
communication
ML
AI
Spark
Machine Learning
NLP",3.7,(12765 Reviews),Not disclosed,PREFERRED,19 DAYS AGO
Natural Language Processing (NLP) Application Developer,Accenture Solutions Pvt Ltd,6-8 Yrs,Mumbai,"R
comm
Scala
verbal
No SQL
written
Java
Natural Language Processing",4.0,(18767 Reviews),Not disclosed,PREFERRED,22 DAYS AGO
Natural Language Processing (NLP) Application Developer,Accenture Solutions Pvt Ltd,8-10 Yrs,Bangalore/Bengaluru,"Business process
data science
Neural networks
Consulting
SCALA
Agile
Natural language processing
Oracle",4.0,(18767 Reviews),Not disclosed,PREFERRED,22 DAYS AGO
Natural Language Processing (NLP) Application Developer,Accenture Solutions Pvt Ltd,6-8 Yrs,Pune,"IT Skills
Java
Python
Data Science
Oracle
Business process
Neural networks
Consulting",4.0,(18767 Reviews),Not disclosed,PREFERRED,22 DAYS AGO
Natural Language Processing (NLP) Application Developer,Accenture Solutions Pvt Ltd,8-10 Yrs,Chennai,"IT Skills
Java
Python
Data Science
Oracle
Business process
Neural networks
Consulting",4.0,(18767 Reviews),Not disclosed,PREFERRED,15 DAYS AGO
Machine Learning - Lead,Opex Global Services,6-11 Yrs,"Mumbai, Pune, Chennai","ML
Machine learning
NoSQL
NodeJS
AWS
NLP
AI
MySQL",,,Not disclosed,PREMIUM,30+ DAYS AGO
Machine Learning Analyst 5 To 7 Years,Acesoft Labs (India) Pvt Ltd,5-10 Yrs,Bangalore/Bengaluru,"IT Skills
Testing
Machine Learning
Cloud
Oracle
Power BI
Supervised Learning
Artificial Intelligence",,,Not disclosed,PREMIUM,23 DAYS AGO
Director Machine Learning,Zycus Infotech Pvt Ltd,14-20 Yrs,Mumbai,"Predictive Modeling
R
Pattern Recognition
NLP
Artificial Intelligence
Natural Language Processing
Machine Learning
Python",3.2,(174 Reviews),Not disclosed,PREMIUM,6 DAYS AGO
Director Machine Learning,Zycus Infotech Pvt Ltd,14-20 Yrs,Bangalore/Bengaluru,"Predictive Modeling
R
Pattern Recognition
NLP
Artificial Intelligence
Natural Language Processing
Machine Learning
Python",3.2,(174 Reviews),Not disclosed,PREMIUM,6 DAYS AGO
Data Science Application Developer,Accenture Solutions Pvt Ltd,4-6 Yrs,Hyderabad/Secunderabad,"Business process
Data analysis
Image processing
data science
Consulting
Data structures
Data processing
Data quality",4.0,(18767 Reviews),Not disclosed,PREFERRED,26 DAYS AGO
Data Scientist Senior Advisor,Dell International Services India Private Limited,12-16 Yrs,Bangalore/Bengaluru,"Spark
verbal
Pig
Agile
written communication
Kafka
R
NOSQL",4.0,(1797 Reviews),Not disclosed,PREMIUM,30+ DAYS AGO
Machine Learning & Automation Expert - Data Science,GENPACT India Private Limited,6-11 Yrs,"Gurgaon/Gurugram, Bangalore/Bengaluru","Data Science
Machine Learning",4.0,(10921 Reviews),Not disclosed,PREMIUM,27 DAYS AGO
Data Scientist,Oracle India Pvt. Ltd.,5-9 Yrs,"Noida, Bangalore/Bengaluru","Data Science
Big Data
Machine Learning
IT Skills
Python
Product Management
Oracle
NLP",3.7,(1943 Reviews),"12,00,000 - 22,00,000 PA.",PREMIUM,30+ DAYS AGO
Director Machine Learning,Zycus Infotech Pvt Ltd,14-16 Yrs,Mumbai,"Predictive Modeling
Java
R
Algorithms
Artificial Intelligence
Data Mining
Machine Learning
Angular",3.2,(174 Reviews),Not disclosed,PREMIUM,15 DAYS AGO
Machine learning - Model Development + Deployment (Manager),Allegis Services India Pvt. Ltd.,6-8 Yrs,Gurgaon/Gurugram,"Algorithm Development
Artificial Intelligence
Neural Networks
model deployment
Deployment
Text Mining
Machine Learning
SQL",3.7,(214 Reviews),"12,00,000 - 20,00,000 PA.",,9 DAYS AGO
Machine learning - Model Development + Deployment (Manager),Allegis Services India Pvt. Ltd.,6-8 Yrs,Gurgaon/Gurugram,"Algorithm Development
Artificial Intelligence
Neural Networks
model deployment
Deployment
Text Mining
Machine Learning
SQL",3.7,(214 Reviews),"12,00,000 - 20,00,000 PA.",PREFERRED,9 DAYS AGO
Data Scientist - Algorithm/ Machine Learning,Ally -eXecutive HR Consulting Partner,6-9 Yrs,Bangalore/Bengaluru,"Tensorflow
Data Science
R-CNN
Data Scientist
Statistical Modeling
Spark
AWS
Algorithm",,,Not disclosed,PREMIUM,22 DAYS AGO
Deputy Manager - Data Science,WNS GLOBAL SERVICES PRIVATE LIMITED,5-9 Yrs,"Mumbai(Vikhroli)
(WFH during Covid)","Data Science
R
Life Cycle
Statistical Modeling
Machine Learning
Deep Learning
Python",3.7,(4157 Reviews),Not disclosed,PREFERRED,3 DAYS AGO
Data Scientist,Schlumberger,6-9 Yrs,Pune,"IT Skills
Python
Data Science
Machine Learning
Artificial Intelligence
Big Data
Tensorflow
R",4.2,(390 Reviews),Not disclosed,PREMIUM,30+ DAYS AGO
Director Machine Learning,Zycus Infotech Pvt Ltd,14-16 Yrs,Bangalore/Bengaluru,"IT Skills
Java
Python
Software Development
Machine Learning
Artificial Intelligence
Cloud
R",3.2,(174 Reviews),Not disclosed,PREMIUM,15 DAYS AGO
Data Scientist- 5.5+Yrs Pune -Immediate -30 days,Virtusa Consulting Services Pvt Ltd,6-8 Yrs,Pune,"NLTK
communication
Artificial Intelligence
Pandas
Scikit
Spacy io
LSTM
NLU",3.4,(1078 Reviews),Not disclosed,PREFERRED,19 DAYS AGO
Data Scientist - Machine Learning,TalPro,3-6 Yrs,"Gurgaon/Gurugram, Delhi / NCR","NN
Scientist
Learning
Keras
MySQL
R - Shiny
Pytorch
Matplotlib",,,Not disclosed,PREMIUM,30+ DAYS AGO
Data Science Application Developer,Accenture Solutions Pvt Ltd,4-6 Yrs,Pune,"modelling
statistical modeling
analytics
data mining
Visual Analytics
AI
STATA
R",4.0,(18767 Reviews),Not disclosed,PREFERRED,6 DAYS AGO
Data Science Application Developer,Accenture Solutions Pvt Ltd,6-8 Yrs,Pune,"modelling
statistical modeling
analytics
data mining
Visual Analytics
AI
STATA
R",4.0,(18767 Reviews),Not disclosed,PREFERRED,12 DAYS AGO
Lead Data Scientist - Tensorflow/Machine Learning,Getinz Techno Services,7-10 Yrs,"Mumbai, Hyderabad/Secunderabad, Chennai, Bangalore/Bengaluru","IT Skills
Java
Python
Data Science
Machine Learning
Artificial Intelligence
Cloud
Tensorflow",,,Not disclosed,HOT JOB,16 DAYS AGO
Machine Learning Expert,Wavelabs Technologies Private Limited,4-8 Yrs,Hyderabad/Secunderabad,"Computer vision
Data analysis
GCP
Artificial Intelligence
Machine learning
Debugging
Agile
Data processing",3.2,(6 Reviews),Not disclosed,,30+ DAYS AGO
Hiring Data Science/Machine Learning Trainer–Full Time-Ghaziabad,Synergistic Compusoft Private Limited,7-10 Yrs,"Noida, Ghaziabad, Delhi / NCR","Data Science
Trainer
Machine Learning
communication
science
Java
Tableau
NET",,,Not disclosed,HOT JOB,14 DAYS AGO
Python Full Stack Engineer - Machine Learning/Predictive Modeling,Blackcoffer,5-10 Yrs,Delhi / NCR,"Python Full Stack Engineer
Machine Learning
Data Analytics
Python
Predictive Modeling",4.7,(5 Reviews),Not disclosed,HOT JOB,13 DAYS AGO
Natural Language Processing (NLP) Application Developer,Accenture Solutions Pvt Ltd,8-10 Yrs,Bangalore/Bengaluru,"Scipy
verbal
Python
NLP
comm
Stats Language Modeling
written
Neural Language Modeling",4.0,(18767 Reviews),Not disclosed,PREFERRED,21 DAYS AGO
Data Scientist - Artificial Intelligence/ Machine Learning,Okda Solutions,4-8 Yrs,Hyderabad/Secunderabad,"IT Skills
Oracle
HTML
Tableau
Data Science
R
NLP
NoSQL",,,Not disclosed,PREMIUM,12 DAYS AGO
Data Scientist - Artificial Intelligence/ Machine Learning,Okda Solutions,4-8 Yrs,Hyderabad/Secunderabad,"Data Science
R
NLP
NoSQL
RDBMS
Artificial Intelligence
Data Scientist
Statistical Modeling",,,Not disclosed,PREMIUM,11 DAYS AGO
Data Science Application Lead,Accenture Solutions Pvt Ltd,6-8 Yrs,Bangalore/Bengaluru,"IT Skills
Python
Data Science
Machine Learning
Big Data
AWS
Tableau
SAS",4.0,(18767 Reviews),Not disclosed,PREFERRED,1 DAY AGO
Speech Scientist - Artificial Intelligence/Machine Learning,Career Maker,3-8 Yrs,Bangalore/Bengaluru,"IT Skills
Java
Python
Data Science
Machine Learning
Artificial Intelligence
Natural Language Processing
Speech Recognition",,,Not disclosed,HOT JOB,14 DAYS AGO
Data Scientist / Machine Learning Engineer,IBM India Pvt. Limited,3-7 Yrs,Bangalore/Bengaluru,"DB2
scipy
numpy
Watson Studio
github
Flask
jira
SQL",4.0,(10079 Reviews),Not disclosed,PREFERRED,25 DAYS AGO
Senior Data Scientist,Red Hat India Pvt Ltd,8-13 Yrs,Bangalore/Bengaluru,"IT Skills
Python
Data Science
Machine Learning
Cloud
Big Data
Docker
Data Analysis",4.4,(89 Reviews),Not disclosed,HOT JOB,19 DAYS AGO
Senior Data Scientist - Machine Learning,MarketScope,5-8 Yrs,Delhi / NCR,"Linux
Java
Unix scripting
machine learning
Scala
R
Python
Data Science",,,Not disclosed,HOT JOB,22 DAYS AGO
Director Machine Learning,Zycus Infotech Pvt Ltd,14-18 Yrs,Mumbai,"Java
predictive modelling
Pattern Recognition
C++
Computational Linguistics
Natural Language Processing
Operations Research
Perl",3.2,(174 Reviews),Not disclosed,PREMIUM,30+ DAYS AGO
Senior Manager Research Scientist - Machine Learning,Career Maker,12-18 Yrs,Bangalore/Bengaluru,"IT Skills
Java
Python
Machine Learning
C++
R
Project Management
Data Scientist",,,Not disclosed,HOT JOB,15 DAYS AGO
Senior Analyst - Machine Learning/deep Learning,Confidential,3-5 Yrs,"Hyderabad/Secunderabad, Chennai","Data Science
Data Management
Statistical Modeling
System Analyst
Machine Learning
Algorithm
Deep Learning
Python",,,Not disclosed,PREMIUM,12 DAYS AGO
Data Science Advanced Application Engineer,Accenture Solutions Pvt Ltd,6-8 Yrs,Mumbai,"communication
Data Science
Deep Learning
written
Data Visualization
verbal
Machine Learning Algorithms
Advanced Machine Learning",4.0,(18767 Reviews),Not disclosed,PREFERRED,12 DAYS AGO
Data Science Advanced Application Engineer,Accenture Solutions Pvt Ltd,6-8 Yrs,Chennai,"IT Skills
Data Science
Machine Learning
Cloud
Big Data
Computer science
deep learning
Consulting",4.0,(18767 Reviews),Not disclosed,PREFERRED,12 DAYS AGO
Data Science Advanced Application Engineer,Accenture Solutions Pvt Ltd,6-8 Yrs,Hyderabad/Secunderabad,"IT Skills
Data Science
Machine Learning
Cloud
Big Data
Computer science
deep learning
Consulting",4.0,(18767 Reviews),Not disclosed,PREFERRED,12 DAYS AGO
Data Science Advanced Application Engineer,Accenture Solutions Pvt Ltd,6-8 Yrs,Bangalore/Bengaluru,"IT Skills
Data Science
Machine Learning
Cloud
Big Data
Computer science
deep learning
Consulting",4.0,(18767 Reviews),Not disclosed,PREFERRED,12 DAYS AGO
Machine Learning Application Lead,Accenture Solutions Pvt Ltd,6-8 Yrs,Bangalore/Bengaluru,"IT Skills
Python
Machine Learning
Azure
Time management
Consulting
Manager Technology
Application Lead",4.0,(18767 Reviews),Not disclosed,PREFERRED,12 DAYS AGO
Machine Learning Engineer,Bharti Airtel Limited,3-5 Yrs,"Delhi / NCR
(WFH during Covid)","Pytorch
Tensorflow
Object Detection
C++
C
Algorithms
Computer Vision
Machine Learning",4.1,(6665 Reviews),Not disclosed,PREMIUM,22 DAYS AGO
Architect - Machine Learning,Quantiphi Analytics Solutions Pvt. Ltd.,4-8 Yrs,"Mumbai, Bangalore/Bengaluru","deep learning
Computer vision
Architect
github
Coding
Machine learning
Cloud
Python",3.7,(69 Reviews),Not disclosed,,30+ DAYS AGO
Group Manager - Data Science,WNS GLOBAL SERVICES PRIVATE LIMITED,5-10 Yrs,"Mumbai, Bangalore/Bengaluru
(WFH during Covid)","Machine Learning
Deep Learning
Python
Data Science
R
Statistical Modeling
Team Leading",3.7,(4157 Reviews),Not disclosed,PREFERRED,3 DAYS AGO
Natural Language Processing (NLP) Application Developer,Accenture Solutions Pvt Ltd,6-8 Yrs,Hyderabad/Secunderabad,"Spacy
NLP
nltk
Natural Language Processing
Weka
Keras
scikit
machine learning",4.0,(18767 Reviews),Not disclosed,PREFERRED,22 DAYS AGO
Head Machine Learning,Job Fittment Finder,10-20 Yrs,"Pune, Delhi / NCR","IT Skills
Python
Machine Learning
NoSQL
Artificial Intelligence
MySQL
MongoDB
Jupyter",,,Not disclosed,PREMIUM,30+ DAYS AGO
Machine Learning Engineer - Computer Vision/NLP,Scandid,5-10 Yrs,Pune,"Tensorflow
Hive
NLP
Artificial Intelligence
Neural Networks
Computer Vision
Machine Learning
Numpy",5.0,(2 Reviews),Not disclosed,PREMIUM,22 DAYS AGO
Associate Data Scientist,Shell India Markets Private Limited,3-5 Yrs,Chennai,"Data Science
Factor Analysis
Natural Language Processing
Neural Networks
Market Basket Analysis
Decision Trees
Machine Learning",4.1,(687 Reviews),Not disclosed,HOT JOB,FEW HOURS AGO
Lead Data Scientist,Megma Services,4-8 Yrs,"Mumbai
(WFH during Covid)","Data Science
MS SQL
Exploratory Data Analysis
Data Scientist
Statistical Modeling
Time Series
Data Mining
Text Mining",,,Not disclosed,PREMIUM,6 DAYS AGO
Deputy Manager - Datalabs (Data Scientist),HDFC LIFE INSURANCE COMPANY LIMITED,4-6 Yrs,Bangalore/Bengaluru,"Predictive Modeling
Artificial Intelligence
Node.Js
Statistics
Deep Learning
Random Forest
SQL
Model Development",4.0,(2891 Reviews),Not disclosed,PREMIUM,30+ DAYS AGO
Manager - Machine Learning - Analytics Firm,Huquo Consulting Pvt. Ltd,3-8 Yrs,"Gurgaon/Gurugram, Delhi / NCR","R
SAS
Data Management
Machine Learning
Analytics",,,Not disclosed,PREMIUM,11 DAYS AGO
Machine Learning Engineer - Azure Databricks,TalentCo Search Pvt Ltd,4-8 Yrs,Bangalore/Bengaluru,"python
R
Azure
Science
PySpark
Databricks
IT Skills
Data Science",,,Not disclosed,PREMIUM,11 DAYS AGO
Python Engineer - Machine Learning/Hive,Huquo Consulting Pvt. Ltd,3-7 Yrs,Bangalore/Bengaluru,"Tensorflow
Hive
Big Data
Machine Learning
Deep Learning
Python
SQL",,,Not disclosed,PREMIUM,11 DAYS AGO
Machine Learning,Diverse Lynx,2-5 Yrs,Bengaluru,"IT Skills
Python
Machine Learning
Unix
Text mining
Natural language processing
text analytics",2.8,(47 Reviews),Not disclosed,,30+ DAYS AGO
Machine Learning Engineer,JMoon Technologies Pvt. Ltd.,2-5 Yrs,Delhi,"TensorFlow Lite
TensorFlow js
javascript
scikit
TensorFlow Serving
TensorFlow Hub
Python
TensorFlow",,,Not disclosed,,30+ DAYS AGO
Azure Machine Learning Lead,Akscellence Info Solutions LLP,6-10 Yrs,"Gurgaon, haryana","Azure ML Studio
CI / CD
Machine Learning model
Azure
Business Intelligence Analyst
Strategic planning
Programming
power bi",,,Not disclosed,,30+ DAYS AGO
Sr. Engineer - Artificial Intelligence with Machine Learning,L&T TECHNOLOGY SERVICES LIMITED,3-3 Yrs,United States (USA),"Power BI
DO178
IoT
Python
Tableau
Spark
Artificial Intelligence
Data Analytics",3.2,(952 Reviews),Not disclosed,HOT JOB,17 DAYS AGO
"Data Scientist ( Machine Learning , Pyspark, Cloud , DevOps)",JUMBO CONSULTANTS,4-9 Yrs,Remote,"IT Skills
Machine Learning
Cloud
DevOps
Jenkins
AWS
Azure
Pyspark",,,Not disclosed,,18 DAYS AGO
Machine Learning Engineer,Quantiphi Analytics Solutions Pvt. Ltd.,2-5 Yrs,Mumbai,"Analytical skills
Cluster analysis
Logistic regression
Lead generation
Statistical modeling
Factor analysis
data science
Machine learning",3.7,(69 Reviews),Not disclosed,,18 DAYS AGO
Vice President - Machine Learning,ExecBoardinAsia,11-15 Yrs,Bangalore/Bengaluru,"continuous integration
Change management
Performance management
Machine learning
Vice President
Deployment
Research
Distribution system",,,Not disclosed,PREMIUM,18 DAYS AGO
"Data Scientist ( Machine Learning , Pyspark, Cloud , DevOps)",JUMBO CONSULTANTS,4-9 Yrs,Remote,"Aws
GCP
Kubernetes
Machine Learning
Azure
Dockers
Jenkins
Cloud",,,Not disclosed,HOT JOB,18 DAYS AGO
Automation Test Engineer with Machine Learning,Naukri Premium - Employer Services,5-9 Yrs,Hyderabad/Secunderabad,"automation
testing
Machine Learning
ml",,,Not disclosed,PREMIUM,18 DAYS AGO
SR Machine Learning Engineer,codeMantra Pvt Ltd,5-9 Yrs,Chennai(Perungudi),"Image Processing
Deep Learning
Python
Agile
Keras
Java
scikit
Azure",3.8,(43 Reviews),"10,00,000 - 16,00,000 PA.",,30+ DAYS AGO
Machine Learning Engineer - Python | Delta Air Lines,TALENT500 TECH (INDIA) PRIVATE LIMITED,3-8 Yrs,Bangalore/Bengaluru,"Jenkins
Maven
Git
Docker
CICD
API
AWS
Devops",,,Not disclosed,PREMIUM,30+ DAYS AGO
MACHINE LEARNING ENGINEER,Aitouch,5-10 Yrs,Gurgaon,"Training
deep learning
Usage
Linux
Opencv
Web development
Machine learning
Data quality",4.2,(23 Reviews),Not disclosed,PREMIUM,30+ DAYS AGO
Machine Learning,Diverse Lynx,2-7 Yrs,Bengaluru,"IT Skills
Python
Machine Learning
Text mining
deep learning
DBMS
SQL",2.8,(47 Reviews),Not disclosed,PREMIUM,30+ DAYS AGO
Artificial Intelligence & Machine Learning Lead,HRDevi Talent Acquisition,6-7 Yrs,Thane,"Storage servers
SAN
Cisco Certification
ITSM
ITIL
MS Office
sub-system
Six Sigma",4.7,(2 Reviews),Not disclosed,,30+ DAYS AGO
Artificial Intelligence & Machine Learning Lead,HRDevi Talent Acquisition,6-8 Yrs,Mumbai,"C
My SQL
BI
H20
Data Mining
Cassandara
R
Dynamo DB",4.7,(2 Reviews),Not disclosed,,30+ DAYS AGO
Machine Learning Smartphone Developer,SEMUSI PTE LTD,2-7 Yrs,Noida,"IT Skills
Machine Learning
assembly language
Six Sigma
PMP
C
JavaScript
Real Time Operating Systems",,,Not disclosed,,30+ DAYS AGO
GIS Developers- Machine learning,Amnex Infotechnologies,0-3 Yrs,Ahmedabad,"python
AutoEncoder
Algorithm Development
Tensorflow
Keras
web development
Machine Learning Framework
Pytorch",4.1,(39 Reviews),Not disclosed,,30+ DAYS AGO
Data Scientist / Advanced Analytics - Machine Learning,E2E Infoware Management Services Pvt Ltd,1-5 Yrs,"Chennai, Bengaluru","advanced analytics
deep learning
Artificial Intelligence
R Programming
Machine learning
Python",3.9,(5 Reviews),Not disclosed,,30+ DAYS AGO
Machine Learning Smartphone Developer,SEMUSI PTE LTD,2-7 Yrs,Noida,"IT Skills
Machine Learning
assembly language
Six Sigma
PMP
C
JavaScript
Real Time Operating Systems",,,Not disclosed,,30+ DAYS AGO
GIS Developers- Machine learning,Amnex Infotechnologies,0-3 Yrs,Ahmedabad,"python
AutoEncoder
Algorithm Development
Tensorflow
Keras
web development
Machine Learning Framework
Pytorch",4.1,(39 Reviews),Not disclosed,,30+ DAYS AGO
Data Engineer/ Machine Learning Engineer/ Big Data Developer,Creeno Solutions,2-6 Yrs,Bangalore/Bengaluru,"Microservice Architectures
JSON
EC2
API
NoSQL
Spark
Java
Container Orchestration",,,Not disclosed,HOT JOB,18 DAYS AGO
Machine Learning Application Developer,Accenture Solutions Pvt Ltd,6-8 Yrs,Pune,"IT Skills
Machine Learning
Big Data
Business process
Automation
github
Data modeling
Consulting",4.0,(18767 Reviews),Not disclosed,PREFERRED,19 DAYS AGO
Machine Learning Application Developer,Accenture Solutions Pvt Ltd,6-8 Yrs,Hyderabad/Secunderabad,"IT Skills
Java
Python
Data Science
Machine Learning
Oracle
Business process
Architecture",4.0,(18767 Reviews),Not disclosed,PREFERRED,19 DAYS AGO
Senior Machine Learning Engineer/Lead Engineer,Confidential,2-7 Yrs,Chennai,"Pytorch
Algorithm Development
C++
C
Artificial Intelligence
Image Processing
Computer Vision
Machine Learning",,,Not disclosed,PREMIUM,19 DAYS AGO
Machine Learning Engineer - Python/Deep Learning,Mantras2Success Consultants,1-4 Yrs,Hyderabad/Secunderabad,"IT Skills
Java
Python
Machine Learning
Big Data
NLP
Artificial Intelligence
Scala",,,Not disclosed,HOT JOB,19 DAYS AGO
"Machine Learning Engineer (python,pandas, numpy)",Job Fittment Finder,3-5 Yrs,"Pune, Bangalore/Bengaluru","scipy
numpy
analysis
Flask
Spark
D3 js
sklearn
Hadoop",,,Not disclosed,HOT JOB,19 DAYS AGO
"Machine Learning Engineer (python,pandas;numpy)",Job Fittment Finder,3-5 Yrs,"Pune, Bangalore/Bengaluru","analysis
Web2Py
Spark MLlib
scipy
communication
matplotlib
Python
D3 js",,,Not disclosed,PREMIUM,19 DAYS AGO
Engineer - AI/Machine-Learning,Harman Connected Services Corporation India Pvt.,2-6 Yrs,Bangalore/Bengaluru,"C++
Automation
Claims
Technical writing
Staffing
Machine learning
Signal processing
IPS",3.7,(606 Reviews),Not disclosed,,19 DAYS AGO
Senior Machine Learning Engineer ( Immediate Joiners only ),Atyeti IT Services Private Limited,6-11 Yrs,"Pune
(WFH during Covid)","Natural Language Processing
Machine Learning
Python
Rnn
BERT",3.9,(8 Reviews),Not disclosed,HOT JOB,19 DAYS AGO
Machine Learning Engineer,SNDK Corp,1-5 Yrs,Ahmedabad,"Object detection
Amazon web Services
Raspberry Pi
Rest API
AWS
machine learning
Angular JS
Python",,,Not disclosed,HOT JOB,19 DAYS AGO
Senior Trainer -Data Science Machine Learning,Kush Kochar,2-7 Yrs,Bhopal,"panda
Conferences
Hadoop
Big Data
Data analytics
Tableau
Machine Learning
NumPy",,,"3,00,000 - 6,00,000 PA.",,19 DAYS AGO
Machine Learning / Deep Learning Engineer ( AI / ML ),AUDAX LABS PRIVATE LIMITED,5-8 Yrs,"Noida(Sector-126 Noida), Kolkata
(WFH during Covid)","NLP
Opencv
Image Processing
Artificial Intelligence
Natural Language Processing
Text Mining
Computer Vision
Machine Learning",4.0,(5 Reviews),"15,00,000 - 30,00,000 PA.",HOT JOB,1 DAY AGO
Engineering Lead - Machine Learning,Talento HR,8-12 Yrs,Noida,"IT Skills
Java
Python
Software Development
Data Science
Machine Learning
Cloud
Pytorch",,,Not disclosed,,30+ DAYS AGO
Machine Learning Engineer,Quality Engineering Software Technologies Pvt. Ltd.,3-7 Yrs,Trivandrum/Thiruvananthapuram,"IT Skills
Python
Testing
Data Science
Machine Learning
Artificial Intelligence
Cloud
Computer science",3.3,(756 Reviews),Not disclosed,,30+ DAYS AGO
Machine Learning Engineer,Optimeyes AI,5-7 Yrs,"Kolkata, Jamshedpur, Ahmedabad, Chennai, Coimbatore, Delhi / NCR","Tensorflow
Data Science
Xgboost
R CODE
Artificial Intelligence
Keras
Machine Learning
Deep Learning",,,"7,00,000 - 9,50,000 PA.",HOT JOB,5 DAYS AGO
Artificial Intelligence & Machine Learning,Well Point IT Solutions Pvt Ltd,4-6 Yrs,Hyderabad,"Data analysis
Product engineering
Artificial Intelligence
Machine learning
Natural language processing
Data mining
Analytics
SQL",3.8,(9 Reviews),Not disclosed,,30+ DAYS AGO
Senior Machine Learning Engineer,ADP India Pvt Ltd,3-8 Yrs,Chennai,"Computer science
Cloud computing
continuous integration
Neural networks
Machine learning
Debugging
Agile
Infrastructure development",4.2,(908 Reviews),Not disclosed,,30+ DAYS AGO
Machine Learning Engineer,Pype,2-5 Yrs,Bengaluru,"data science
Machine learning",,,Not disclosed,,30+ DAYS AGO
AI / Machine Learning - Architect,Eagle Genomics Ltd,3-8 Yrs,Hyderabad/Secunderabad,"Mining
Managed services
Technical writing
GCP
Machine learning
Natural language processing
data visualization
cxo",,,Not disclosed,PREMIUM,30+ DAYS AGO
Developer Machine Learning,ITC Infotech India Ltd,4-6 Yrs,Bengaluru,"IT Skills
Machine Learning
Product Management
Data analysis
Process optimization
Manager Technology
Database
Research",3.3,(1042 Reviews),Not disclosed,,30+ DAYS AGO
Lead Data Scientist (Machine Learning),Dream11 Inc,5-8 Yrs,Mumbai,"Backend
nginx
cassandra
MySQL
Machine learning
Manager Technology
MongoDB
RPM",5.0,(6 Reviews),Not disclosed,,30+ DAYS AGO
"R&D - NLP, Machine Learning (Java, C#, C )",CAREER MAKERS,5-10 Yrs,"New Delhi, Delhi","algorithms
python
c
code
solid
technical
software
software design",,,Not disclosed,,30+ DAYS AGO
Machine Learning Scientist,CAREER MAKERS,5-10 Yrs,"Bangalore/Bengaluru, Bengaluru / Bangalore","IT Skills
Java
Python
Software Development
Machine Learning
matlab
c
data mining",,,Not disclosed,,30+ DAYS AGO
"R&D - NLP, Machine Learning (Java, C#, C )",CAREER MAKERS,5-10 Yrs,"New Delhi, Delhi","algorithms
python
c
code
solid
technical
software
software design",,,Not disclosed,,30+ DAYS AGO
Machine Learning Data Scientist,Xamplay,3-7 Yrs,Bangalore/Bengaluru,"Machine learning
data visualization",,,Not disclosed,,30+ DAYS AGO
Data Analyst - R/Python/ Machine Learning Algorithms,Huquo Consulting Pvt. Ltd,3-5 Yrs,Delhi / NCR,"R
data analytics
data mining
machine learning
data cleansing
mathematical modelling
data analysis
statistical analysis",,,Not disclosed,HOT JOB,20 DAYS AGO
Senior Machine Learning Engineer / Lead Engineer - Tensorflow,Confidential,9-14 Yrs,Chennai,"IT Skills
Python
Machine Learning
Tensorflow
C++
PyTorch
Image Processing
OOAD",,,Not disclosed,HOT JOB,20 DAYS AGO
Senior Machine Learning Engineer,Mad Street Den,3-6 Yrs,Chennai,"Tensorflow
communication
microservice architectures
OpenCV
NoSQL
PyTorch
machine learning
Python",4.2,(4 Reviews),Not disclosed,,19 DAYS AGO
Junior Machine Learning Engineer,Mad Street Den,1-2 Yrs,Chennai,"Tensorflow
Computer Vision
Machine Learning
OpenCV
C / C++
NoSQL
PyTorch
Deep Learning",4.2,(4 Reviews),Not disclosed,,19 DAYS AGO
Machine Learning Engg with Python 1-5Yrs exp Pune Loc,SHRIKRISHNA LAXMAN POHNERKAR,1-5 Yrs,"Pune
(WFH during Covid)","algorithms
pytest
python
Machine Learning
data structures
IT Skills
Understanding data structures
Machine Learning expertise",,,"6,00,000 - 15,00,000 PA.",,20 DAYS AGO
"Python/Machine Learning Trainer - Full Time - Chandigarh, Delhi NCR",Allsoft Solutions and Services Pvt. Ltd,1-3 Yrs,"Chandigarh, Delhi / NCR","PyTorch
machine learning
pyplot
TensorFlow
Caffe2
Python
ggplot2 Teaching
dplyr",,,Not disclosed,HOT JOB,20 DAYS AGO
Data Science Product Manager- Artificial Intelligence/Machine Learning,Catalyst,4-9 Yrs,Bangalore/Bengaluru,"Tensorflow
YOLO
Resnet
Kubernetes
Machine Learning
agile
NoSQL
R",,,Not disclosed,PREMIUM,30+ DAYS AGO
Data Scientist - Machine Learning/NLP,TalPro,2-6 Yrs,Gurgaon/Gurugram,"IT Skills
Python
Machine Learning
R
Pattern Recognition
NLP
Data Scientist
MySQL",,,Not disclosed,HOT JOB,11 DAYS AGO
Machine Learning Engineer,PeopleGrove,2-5 Yrs,Remote,"Computer science
Neural networks
GCP
Analytical
Machine learning
SCALA
Data structures
Natural language processing",,,Not disclosed,,30+ DAYS AGO
Urgent Opening For Machine Learning-Senior Manager,Peoplefy Infosolutions Pvt. Ltd.,10-20 Yrs,Pune,"GIT
Machine learning
Azure ML Service
Azure DevOps
Microsoft Azure Cloud
IT Skills
Cloud
DevOps",,,Not disclosed,PREFERRED,15 DAYS AGO
Machine Learning Algorithm Developer,Machinellium Mavericks Projects and Consultants,3-6 Yrs,Hyderabad/Secunderabad,"Machine Learning Algorithm Developer
Java
algorithms
c
analytical
Hadoop
developing
develop",,,Not disclosed,,30+ DAYS AGO
Principle Engineer - Machine Learning Platform,Target Corporation India Pvt Ltd,4-7 Yrs,Bangalore/Bengaluru,"Product engineering
Coding
Enterprise applications
Enterprise architecture
Debugging
Machine learning
Agile
Open source",4.3,(246 Reviews),Not disclosed,,30+ DAYS AGO
